{"Reward0": -1569.062520252756, "_step": 17, "_runtime": 181, "_timestamp": 1608251676, "batch": 2, "Epoch": -1569.062520252756}